answer1,answer2,answer3,program
Люблю помогать людям и логику,Мои способности: программирование,Интересы: здравоохранение,Экономика
Люблю помогать людям и биологию,Мои способности: анализ,Интересы: IT,Экономика
Люблю кодить и логику,Мои способности: программирование,Интересы: IT,Медицина
Люблю помогать людям и финансы,Мои способности: анализ,Интересы: IT,Медицина
Люблю помогать людям и биологию,Мои способности: анализ,Интересы: IT,Экономика
Люблю помогать людям и биологию,Мои способности: эмпатия,Интересы: бизнес,Медицина
Люблю кодить и биологию,Мои способности: анализ,Интересы: IT,Информатика
Люблю считать деньги и логику,Мои способности: эмпатия,Интересы: здравоохранение,Экономика
Люблю считать деньги и финансы,Мои способности: программирование,Интересы: здравоохранение,Медицина
Люблю считать деньги и финансы,Мои способности: программирование,Интересы: IT,Экономика
Люблю кодить и логику,Мои способности: программирование,Интересы: IT,Информатика
Люблю считать деньги и финансы,Мои способности: программирование,Интересы: здравоохранение,Экономика
Люблю кодить и логику,Мои способности: эмпатия,Интересы: здравоохранение,Экономика
Люблю кодить и биологию,Мои способности: программирование,Интересы: бизнес,Экономика
Люблю помогать людям и биологию,Мои способности: анализ,Интересы: здравоохранение,Экономика
Люблю считать деньги и биологию,Мои способности: анализ,Интересы: бизнес,Информатика
Люблю считать деньги и финансы,Мои способности: анализ,Интересы: бизнес,Экономика
Люблю помогать людям и финансы,Мои способности: эмпатия,Интересы: бизнес,Экономика
Люблю помогать людям и биологию,Мои способности: программирование,Интересы: бизнес,Медицина
Люблю кодить и биологию,Мои способности: программирование,Интересы: бизнес,Экономика
Люблю кодить и биологию,Мои способности: программирование,Интересы: IT,Медицина
Люблю помогать людям и логику,Мои способности: эмпатия,Интересы: здравоохранение,Информатика
Люблю кодить и биологию,Мои способности: анализ,Интересы: бизнес,Информатика
Люблю считать деньги и логику,Мои способности: анализ,Интересы: здравоохранение,Информатика
Люблю считать деньги и финансы,Мои способности: программирование,Интересы: здравоохранение,Информатика
Люблю считать деньги и логику,Мои способности: анализ,Интересы: бизнес,Медицина
Люблю считать деньги и логику,Мои способности: анализ,Интересы: IT,Экономика
Люблю считать деньги и биологию,Мои способности: эмпатия,Интересы: бизнес,Информатика
Люблю помогать людям и логику,Мои способности: эмпатия,Интересы: IT,Экономика
Люблю помогать людям и биологию,Мои способности: эмпатия,Интересы: здравоохранение,Медицина
Люблю считать деньги и логику,Мои способности: эмпатия,Интересы: IT,Медицина
Люблю считать деньги и финансы,Мои способности: программирование,Интересы: IT,Медицина
Люблю считать деньги и финансы,Мои способности: эмпатия,Интересы: IT,Информатика
Люблю считать деньги и финансы,Мои способности: анализ,Интересы: здравоохранение,Экономика
Люблю считать деньги и логику,Мои способности: программирование,Интересы: здравоохранение,Экономика
Люблю помогать людям и финансы,Мои способности: анализ,Интересы: IT,Экономика
Люблю считать деньги и финансы,Мои способности: анализ,Интересы: IT,Медицина
Люблю считать деньги и финансы,Мои способности: анализ,Интересы: бизнес,Информатика
Люблю считать деньги и биологию,Мои способности: эмпатия,Интересы: IT,Медицина
Люблю помогать людям и финансы,Мои способности: эмпатия,Интересы: бизнес,Медицина
Люблю помогать людям и логику,Мои способности: программирование,Интересы: IT,Экономика
Люблю считать деньги и логику,Мои способности: программирование,Интересы: бизнес,Медицина
Люблю кодить и финансы,Мои способности: эмпатия,Интересы: здравоохранение,Экономика
Люблю помогать людям и логику,Мои способности: анализ,Интересы: IT,Информатика
Люблю считать деньги и логику,Мои способности: программирование,Интересы: IT,Экономика
Люблю кодить и логику,Мои способности: эмпатия,Интересы: IT,Информатика
Люблю кодить и биологию,Мои способности: эмпатия,Интересы: IT,Экономика
Люблю кодить и логику,Мои способности: эмпатия,Интересы: бизнес,Медицина
Люблю кодить и биологию,Мои способности: анализ,Интересы: IT,Медицина
Люблю кодить и логику,Мои способности: эмпатия,Интересы: здравоохранение,Информатика
Люблю помогать людям и биологию,Мои способности: эмпатия,Интересы: здравоохранение,Информатика
Люблю помогать людям и логику,Мои способности: эмпатия,Интересы: IT,Информатика
Люблю помогать людям и биологию,Мои способности: эмпатия,Интересы: здравоохранение,Экономика
Люблю кодить и биологию,Мои способности: программирование,Интересы: IT,Экономика
Люблю кодить и финансы,Мои способности: программирование,Интересы: IT,Информатика
Люблю помогать людям и финансы,Мои способности: эмпатия,Интересы: здравоохранение,Медицина
Люблю кодить и биологию,Мои способности: анализ,Интересы: IT,Экономика
Люблю кодить и финансы,Мои способности: программирование,Интересы: здравоохранение,Экономика
Люблю кодить и биологию,Мои способности: эмпатия,Интересы: бизнес,Экономика
Люблю помогать людям и финансы,Мои способности: программирование,Интересы: IT,Информатика
Люблю кодить и биологию,Мои способности: программирование,Интересы: бизнес,Информатика
Люблю считать деньги и биологию,Мои способности: анализ,Интересы: здравоохранение,Информатика
Люблю помогать людям и логику,Мои способности: эмпатия,Интересы: бизнес,Информатика
Люблю помогать людям и логику,Мои способности: эмпатия,Интересы: бизнес,Информатика
Люблю помогать людям и финансы,Мои способности: анализ,Интересы: здравоохранение,Медицина
Люблю помогать людям и логику,Мои способности: анализ,Интересы: бизнес,Медицина
Люблю кодить и финансы,Мои способности: эмпатия,Интересы: бизнес,Информатика
Люблю помогать людям и биологию,Мои способности: эмпатия,Интересы: здравоохранение,Экономика
Люблю считать деньги и биологию,Мои способности: анализ,Интересы: бизнес,Информатика
Люблю помогать людям и логику,Мои способности: программирование,Интересы: здравоохранение,Медицина
Люблю помогать людям и биологию,Мои способности: программирование,Интересы: бизнес,Медицина
Люблю считать деньги и финансы,Мои способности: анализ,Интересы: здравоохранение,Экономика
Люблю кодить и биологию,Мои способности: программирование,Интересы: здравоохранение,Медицина
Люблю помогать людям и биологию,Мои способности: анализ,Интересы: бизнес,Информатика
Люблю кодить и логику,Мои способности: программирование,Интересы: бизнес,Экономика
Люблю считать деньги и логику,Мои способности: программирование,Интересы: бизнес,Информатика
Люблю помогать людям и биологию,Мои способности: эмпатия,Интересы: IT,Информатика
Люблю кодить и биологию,Мои способности: эмпатия,Интересы: IT,Экономика
Люблю помогать людям и логику,Мои способности: программирование,Интересы: IT,Информатика
Люблю кодить и биологию,Мои способности: программирование,Интересы: здравоохранение,Медицина
Люблю помогать людям и биологию,Мои способности: эмпатия,Интересы: бизнес,Информатика
Люблю считать деньги и финансы,Мои способности: эмпатия,Интересы: здравоохранение,Экономика
Люблю считать деньги и логику,Мои способности: эмпатия,Интересы: IT,Экономика
Люблю считать деньги и логику,Мои способности: анализ,Интересы: бизнес,Экономика
Люблю кодить и финансы,Мои способности: программирование,Интересы: здравоохранение,Информатика
Люблю считать деньги и финансы,Мои способности: эмпатия,Интересы: бизнес,Экономика
Люблю помогать людям и финансы,Мои способности: программирование,Интересы: здравоохранение,Экономика
Люблю помогать людям и логику,Мои способности: анализ,Интересы: бизнес,Информатика
Люблю помогать людям и финансы,Мои способности: анализ,Интересы: IT,Медицина
Люблю кодить и логику,Мои способности: эмпатия,Интересы: IT,Информатика
Люблю кодить и биологию,Мои способности: анализ,Интересы: бизнес,Экономика
Люблю считать деньги и логику,Мои способности: программирование,Интересы: здравоохранение,Экономика
Люблю кодить и логику,Мои способности: эмпатия,Интересы: IT,Информатика
Люблю помогать людям и биологию,Мои способности: программирование,Интересы: IT,Медицина
Люблю считать деньги и биологию,Мои способности: программирование,Интересы: IT,Экономика
Люблю кодить и финансы,Мои способности: анализ,Интересы: бизнес,Экономика
Люблю кодить и логику,Мои способности: анализ,Интересы: бизнес,Экономика
Люблю помогать людям и финансы,Мои способности: анализ,Интересы: здравоохранение,Информатика
Люблю помогать людям и биологию,Мои способности: анализ,Интересы: здравоохранение,Экономика
Люблю считать деньги и логику,Мои способности: анализ,Интересы: здравоохранение,Медицина
